0,1,2
Random Forest Regression,"dict_values([[10, 571], 9.23368288910375, array([ 9.35837978,  9.32327496,  9.27136494,  9.33892371,  9.27996133,
        9.66391237,  9.24880959,  9.25774655,  9.29254609,  9.23835758,
        9.27346573,  9.25753542,  9.30845739,  9.2655059 ,  9.25110647,
        9.42052899,  9.29112637,  9.43979032,  9.25511644,  9.2904065 ,
        9.27809662,  9.2833875 ,  9.26614378,  9.28249817, 12.35914149,
        9.67937105,  9.24689521,  9.39705734,  9.24880944,  9.41907091,
        9.29164223,  9.27975494,  9.27395423,  9.43774098,  9.26875262,
        9.4610897 ,  9.26932316,  9.28898162,  9.28328609,  9.43429099,
        9.39234079,  9.23704888,  9.31846859,  9.32118614,  9.26481767,
        9.26215528,  9.27569021,  9.23755675,  9.28369747,  9.29230373,
        9.23368289,  9.25933151,  9.27812618,  9.26402334,  9.25722538,
        9.25699429,  9.24483234,  9.2523436 ,  9.28340705,  9.26171988,
        9.26295785,  9.31662789,  9.29580947,  9.29558228,  9.25099744,
        9.26535814,  9.25533589,  9.27655282,  9.25241231,  9.26551613,
        9.28393433,  9.26311318,  9.24971415,  9.26955714,  9.25062232,
        9.2473479 ,  9.25997995,  9.26425074,  9.24278602,  9.24448173,
        9.27315271,  9.271788  ,  9.25537733,  9.26248048,  9.27920667,
        9.2764954 ,  9.24034299,  9.27877524,  9.25049082,  9.27285409,
        9.24432307,  9.26356601,  9.28740784,  9.34288312,  9.25756464,
        9.2514814 ,  9.25902891,  9.25843663,  9.27409936,  9.25770468]), [[10, 104], [4, 173], [16, 76], [2, 613], [12, 251], [4, 12], [10, 955], [12, 650], [12, 170], [9, 653], [9, 693], [9, 621], [20, 106], [19, 1000], [12, 1000], [1, 1000], [13, 941], [1, 343], [20, 368], [19, 301], [20, 488], [17, 402], [20, 641], [20, 746], [20, 1], [1, 56], [16, 86], [1, 810], [13, 978], [1, 488], [20, 561], [6, 657], [20, 844], [1, 888], [20, 609], [1, 260], [18, 228], [20, 805], [15, 86], [1, 744], [1, 417], [16, 112], [16, 97], [16, 125], [12, 831], [10, 541], [10, 207], [13, 584], [17, 689], [14, 607], [10, 571], [20, 428], [13, 777], [9, 574], [13, 557], [11, 462], [14, 490], [16, 461], [20, 257], [10, 978], [14, 869], [20, 190], [20, 898], [12, 347], [12, 504], [20, 963], [15, 983], [20, 344], [11, 423], [15, 522], [14, 446], [9, 394], [9, 857], [9, 814], [10, 888], [12, 733], [10, 488], [9, 751], [10, 1000], [14, 1000], [14, 729], [20, 683], [9, 862], [20, 1000], [20, 392], [20, 456], [8, 919], [6, 951], [9, 905], [6, 205], [9, 1000], [8, 595], [8, 436], [12, 74], [13, 1000], [11, 668], [6, 555], [9, 520], [11, 901], [8, 781]], [GaussianProcessRegressor(kernel=1**2 * Matern(length_scale=[1, 1], nu=2.5) + WhiteKernel(noise_level=1),
                         n_restarts_optimizer=2, noise='gaussian',
                         normalize_y=True, random_state=494155588), GaussianProcessRegressor(kernel=1**2 * Matern(length_scale=[1, 1], nu=2.5) + WhiteKernel(noise_level=1),
                         n_restarts_optimizer=2, noise='gaussian',
                         normalize_y=True, random_state=494155588), GaussianProcessRegressor(kernel=1**2 * Matern(length_scale=[1, 1], nu=2.5) + WhiteKernel(noise_level=1),
                         n_restarts_optimizer=2, noise='gaussian',
                         normalize_y=True, random_state=494155588), GaussianProcessRegressor(kernel=1**2 * Matern(length_scale=[1, 1], nu=2.5) + WhiteKernel(noise_level=1),
                         n_restarts_optimizer=2, noise='gaussian',
                         normalize_y=True, random_state=494155588), GaussianProcessRegressor(kernel=1**2 * Matern(length_scale=[1, 1], nu=2.5) + WhiteKernel(noise_level=1),
                         n_restarts_optimizer=2, noise='gaussian',
                         normalize_y=True, random_state=494155588), GaussianProcessRegressor(kernel=1**2 * Matern(length_scale=[1, 1], nu=2.5) + WhiteKernel(noise_level=1),
                         n_restarts_optimizer=2, noise='gaussian',
                         normalize_y=True, random_state=494155588), GaussianProcessRegressor(kernel=1**2 * Matern(length_scale=[1, 1], nu=2.5) + WhiteKernel(noise_level=1),
                         n_restarts_optimizer=2, noise='gaussian',
                         normalize_y=True, random_state=494155588), GaussianProcessRegressor(kernel=1**2 * Matern(length_scale=[1, 1], nu=2.5) + WhiteKernel(noise_level=1),
                         n_restarts_optimizer=2, noise='gaussian',
                         normalize_y=True, random_state=494155588), GaussianProcessRegressor(kernel=1**2 * Matern(length_scale=[1, 1], nu=2.5) + WhiteKernel(noise_level=1),
                         n_restarts_optimizer=2, noise='gaussian',
                         normalize_y=True, random_state=494155588), GaussianProcessRegressor(kernel=1**2 * Matern(length_scale=[1, 1], nu=2.5) + WhiteKernel(noise_level=1),
                         n_restarts_optimizer=2, noise='gaussian',
                         normalize_y=True, random_state=494155588), GaussianProcessRegressor(kernel=1**2 * Matern(length_scale=[1, 1], nu=2.5) + WhiteKernel(noise_level=1),
                         n_restarts_optimizer=2, noise='gaussian',
                         normalize_y=True, random_state=494155588), GaussianProcessRegressor(kernel=1**2 * Matern(length_scale=[1, 1], nu=2.5) + WhiteKernel(noise_level=1),
                         n_restarts_optimizer=2, noise='gaussian',
                         normalize_y=True, random_state=494155588), GaussianProcessRegressor(kernel=1**2 * Matern(length_scale=[1, 1], nu=2.5) + WhiteKernel(noise_level=1),
                         n_restarts_optimizer=2, noise='gaussian',
                         normalize_y=True, random_state=494155588), GaussianProcessRegressor(kernel=1**2 * Matern(length_scale=[1, 1], nu=2.5) + WhiteKernel(noise_level=1),
                         n_restarts_optimizer=2, noise='gaussian',
                         normalize_y=True, random_state=494155588), GaussianProcessRegressor(kernel=1**2 * Matern(length_scale=[1, 1], nu=2.5) + WhiteKernel(noise_level=1),
                         n_restarts_optimizer=2, noise='gaussian',
                         normalize_y=True, random_state=494155588), GaussianProcessRegressor(kernel=1**2 * Matern(length_scale=[1, 1], nu=2.5) + WhiteKernel(noise_level=1),
                         n_restarts_optimizer=2, noise='gaussian',
                         normalize_y=True, random_state=494155588), GaussianProcessRegressor(kernel=1**2 * Matern(length_scale=[1, 1], nu=2.5) + WhiteKernel(noise_level=1),
                         n_restarts_optimizer=2, noise='gaussian',
                         normalize_y=True, random_state=494155588), GaussianProcessRegressor(kernel=1**2 * Matern(length_scale=[1, 1], nu=2.5) + WhiteKernel(noise_level=1),
                         n_restarts_optimizer=2, noise='gaussian',
                         normalize_y=True, random_state=494155588), GaussianProcessRegressor(kernel=1**2 * Matern(length_scale=[1, 1], nu=2.5) + WhiteKernel(noise_level=1),
                         n_restarts_optimizer=2, noise='gaussian',
                         normalize_y=True, random_state=494155588), GaussianProcessRegressor(kernel=1**2 * Matern(length_scale=[1, 1], nu=2.5) + WhiteKernel(noise_level=1),
                         n_restarts_optimizer=2, noise='gaussian',
                         normalize_y=True, random_state=494155588), GaussianProcessRegressor(kernel=1**2 * Matern(length_scale=[1, 1], nu=2.5) + WhiteKernel(noise_level=1),
                         n_restarts_optimizer=2, noise='gaussian',
                         normalize_y=True, random_state=494155588), GaussianProcessRegressor(kernel=1**2 * Matern(length_scale=[1, 1], nu=2.5) + WhiteKernel(noise_level=1),
                         n_restarts_optimizer=2, noise='gaussian',
                         normalize_y=True, random_state=494155588), GaussianProcessRegressor(kernel=1**2 * Matern(length_scale=[1, 1], nu=2.5) + WhiteKernel(noise_level=1),
                         n_restarts_optimizer=2, noise='gaussian',
                         normalize_y=True, random_state=494155588), GaussianProcessRegressor(kernel=1**2 * Matern(length_scale=[1, 1], nu=2.5) + WhiteKernel(noise_level=1),
                         n_restarts_optimizer=2, noise='gaussian',
                         normalize_y=True, random_state=494155588), GaussianProcessRegressor(kernel=1**2 * Matern(length_scale=[1, 1], nu=2.5) + WhiteKernel(noise_level=1),
                         n_restarts_optimizer=2, noise='gaussian',
                         normalize_y=True, random_state=494155588), GaussianProcessRegressor(kernel=1**2 * Matern(length_scale=[1, 1], nu=2.5) + WhiteKernel(noise_level=1),
                         n_restarts_optimizer=2, noise='gaussian',
                         normalize_y=True, random_state=494155588), GaussianProcessRegressor(kernel=1**2 * Matern(length_scale=[1, 1], nu=2.5) + WhiteKernel(noise_level=1),
                         n_restarts_optimizer=2, noise='gaussian',
                         normalize_y=True, random_state=494155588), GaussianProcessRegressor(kernel=1**2 * Matern(length_scale=[1, 1], nu=2.5) + WhiteKernel(noise_level=1),
                         n_restarts_optimizer=2, noise='gaussian',
                         normalize_y=True, random_state=494155588), GaussianProcessRegressor(kernel=1**2 * Matern(length_scale=[1, 1], nu=2.5) + WhiteKernel(noise_level=1),
                         n_restarts_optimizer=2, noise='gaussian',
                         normalize_y=True, random_state=494155588), GaussianProcessRegressor(kernel=1**2 * Matern(length_scale=[1, 1], nu=2.5) + WhiteKernel(noise_level=1),
                         n_restarts_optimizer=2, noise='gaussian',
                         normalize_y=True, random_state=494155588), GaussianProcessRegressor(kernel=1**2 * Matern(length_scale=[1, 1], nu=2.5) + WhiteKernel(noise_level=1),
                         n_restarts_optimizer=2, noise='gaussian',
                         normalize_y=True, random_state=494155588), GaussianProcessRegressor(kernel=1**2 * Matern(length_scale=[1, 1], nu=2.5) + WhiteKernel(noise_level=1),
                         n_restarts_optimizer=2, noise='gaussian',
                         normalize_y=True, random_state=494155588), GaussianProcessRegressor(kernel=1**2 * Matern(length_scale=[1, 1], nu=2.5) + WhiteKernel(noise_level=1),
                         n_restarts_optimizer=2, noise='gaussian',
                         normalize_y=True, random_state=494155588), GaussianProcessRegressor(kernel=1**2 * Matern(length_scale=[1, 1], nu=2.5) + WhiteKernel(noise_level=1),
                         n_restarts_optimizer=2, noise='gaussian',
                         normalize_y=True, random_state=494155588), GaussianProcessRegressor(kernel=1**2 * Matern(length_scale=[1, 1], nu=2.5) + WhiteKernel(noise_level=1),
                         n_restarts_optimizer=2, noise='gaussian',
                         normalize_y=True, random_state=494155588), GaussianProcessRegressor(kernel=1**2 * Matern(length_scale=[1, 1], nu=2.5) + WhiteKernel(noise_level=1),
                         n_restarts_optimizer=2, noise='gaussian',
                         normalize_y=True, random_state=494155588), GaussianProcessRegressor(kernel=1**2 * Matern(length_scale=[1, 1], nu=2.5) + WhiteKernel(noise_level=1),
                         n_restarts_optimizer=2, noise='gaussian',
                         normalize_y=True, random_state=494155588), GaussianProcessRegressor(kernel=1**2 * Matern(length_scale=[1, 1], nu=2.5) + WhiteKernel(noise_level=1),
                         n_restarts_optimizer=2, noise='gaussian',
                         normalize_y=True, random_state=494155588), GaussianProcessRegressor(kernel=1**2 * Matern(length_scale=[1, 1], nu=2.5) + WhiteKernel(noise_level=1),
                         n_restarts_optimizer=2, noise='gaussian',
                         normalize_y=True, random_state=494155588), GaussianProcessRegressor(kernel=1**2 * Matern(length_scale=[1, 1], nu=2.5) + WhiteKernel(noise_level=1),
                         n_restarts_optimizer=2, noise='gaussian',
                         normalize_y=True, random_state=494155588), GaussianProcessRegressor(kernel=1**2 * Matern(length_scale=[1, 1], nu=2.5) + WhiteKernel(noise_level=1),
                         n_restarts_optimizer=2, noise='gaussian',
                         normalize_y=True, random_state=494155588), GaussianProcessRegressor(kernel=1**2 * Matern(length_scale=[1, 1], nu=2.5) + WhiteKernel(noise_level=1),
                         n_restarts_optimizer=2, noise='gaussian',
                         normalize_y=True, random_state=494155588), GaussianProcessRegressor(kernel=1**2 * Matern(length_scale=[1, 1], nu=2.5) + WhiteKernel(noise_level=1),
                         n_restarts_optimizer=2, noise='gaussian',
                         normalize_y=True, random_state=494155588), GaussianProcessRegressor(kernel=1**2 * Matern(length_scale=[1, 1], nu=2.5) + WhiteKernel(noise_level=1),
                         n_restarts_optimizer=2, noise='gaussian',
                         normalize_y=True, random_state=494155588), GaussianProcessRegressor(kernel=1**2 * Matern(length_scale=[1, 1], nu=2.5) + WhiteKernel(noise_level=1),
                         n_restarts_optimizer=2, noise='gaussian',
                         normalize_y=True, random_state=494155588), GaussianProcessRegressor(kernel=1**2 * Matern(length_scale=[1, 1], nu=2.5) + WhiteKernel(noise_level=1),
                         n_restarts_optimizer=2, noise='gaussian',
                         normalize_y=True, random_state=494155588), GaussianProcessRegressor(kernel=1**2 * Matern(length_scale=[1, 1], nu=2.5) + WhiteKernel(noise_level=1),
                         n_restarts_optimizer=2, noise='gaussian',
                         normalize_y=True, random_state=494155588), GaussianProcessRegressor(kernel=1**2 * Matern(length_scale=[1, 1], nu=2.5) + WhiteKernel(noise_level=1),
                         n_restarts_optimizer=2, noise='gaussian',
                         normalize_y=True, random_state=494155588), GaussianProcessRegressor(kernel=1**2 * Matern(length_scale=[1, 1], nu=2.5) + WhiteKernel(noise_level=1),
                         n_restarts_optimizer=2, noise='gaussian',
                         normalize_y=True, random_state=494155588), GaussianProcessRegressor(kernel=1**2 * Matern(length_scale=[1, 1], nu=2.5) + WhiteKernel(noise_level=1),
                         n_restarts_optimizer=2, noise='gaussian',
                         normalize_y=True, random_state=494155588), GaussianProcessRegressor(kernel=1**2 * Matern(length_scale=[1, 1], nu=2.5) + WhiteKernel(noise_level=1),
                         n_restarts_optimizer=2, noise='gaussian',
                         normalize_y=True, random_state=494155588), GaussianProcessRegressor(kernel=1**2 * Matern(length_scale=[1, 1], nu=2.5) + WhiteKernel(noise_level=1),
                         n_restarts_optimizer=2, noise='gaussian',
                         normalize_y=True, random_state=494155588), GaussianProcessRegressor(kernel=1**2 * Matern(length_scale=[1, 1], nu=2.5) + WhiteKernel(noise_level=1),
                         n_restarts_optimizer=2, noise='gaussian',
                         normalize_y=True, random_state=494155588), GaussianProcessRegressor(kernel=1**2 * Matern(length_scale=[1, 1], nu=2.5) + WhiteKernel(noise_level=1),
                         n_restarts_optimizer=2, noise='gaussian',
                         normalize_y=True, random_state=494155588), GaussianProcessRegressor(kernel=1**2 * Matern(length_scale=[1, 1], nu=2.5) + WhiteKernel(noise_level=1),
                         n_restarts_optimizer=2, noise='gaussian',
                         normalize_y=True, random_state=494155588), GaussianProcessRegressor(kernel=1**2 * Matern(length_scale=[1, 1], nu=2.5) + WhiteKernel(noise_level=1),
                         n_restarts_optimizer=2, noise='gaussian',
                         normalize_y=True, random_state=494155588), GaussianProcessRegressor(kernel=1**2 * Matern(length_scale=[1, 1], nu=2.5) + WhiteKernel(noise_level=1),
                         n_restarts_optimizer=2, noise='gaussian',
                         normalize_y=True, random_state=494155588), GaussianProcessRegressor(kernel=1**2 * Matern(length_scale=[1, 1], nu=2.5) + WhiteKernel(noise_level=1),
                         n_restarts_optimizer=2, noise='gaussian',
                         normalize_y=True, random_state=494155588), GaussianProcessRegressor(kernel=1**2 * Matern(length_scale=[1, 1], nu=2.5) + WhiteKernel(noise_level=1),
                         n_restarts_optimizer=2, noise='gaussian',
                         normalize_y=True, random_state=494155588), GaussianProcessRegressor(kernel=1**2 * Matern(length_scale=[1, 1], nu=2.5) + WhiteKernel(noise_level=1),
                         n_restarts_optimizer=2, noise='gaussian',
                         normalize_y=True, random_state=494155588), GaussianProcessRegressor(kernel=1**2 * Matern(length_scale=[1, 1], nu=2.5) + WhiteKernel(noise_level=1),
                         n_restarts_optimizer=2, noise='gaussian',
                         normalize_y=True, random_state=494155588), GaussianProcessRegressor(kernel=1**2 * Matern(length_scale=[1, 1], nu=2.5) + WhiteKernel(noise_level=1),
                         n_restarts_optimizer=2, noise='gaussian',
                         normalize_y=True, random_state=494155588), GaussianProcessRegressor(kernel=1**2 * Matern(length_scale=[1, 1], nu=2.5) + WhiteKernel(noise_level=1),
                         n_restarts_optimizer=2, noise='gaussian',
                         normalize_y=True, random_state=494155588), GaussianProcessRegressor(kernel=1**2 * Matern(length_scale=[1, 1], nu=2.5) + WhiteKernel(noise_level=1),
                         n_restarts_optimizer=2, noise='gaussian',
                         normalize_y=True, random_state=494155588), GaussianProcessRegressor(kernel=1**2 * Matern(length_scale=[1, 1], nu=2.5) + WhiteKernel(noise_level=1),
                         n_restarts_optimizer=2, noise='gaussian',
                         normalize_y=True, random_state=494155588), GaussianProcessRegressor(kernel=1**2 * Matern(length_scale=[1, 1], nu=2.5) + WhiteKernel(noise_level=1),
                         n_restarts_optimizer=2, noise='gaussian',
                         normalize_y=True, random_state=494155588), GaussianProcessRegressor(kernel=1**2 * Matern(length_scale=[1, 1], nu=2.5) + WhiteKernel(noise_level=1),
                         n_restarts_optimizer=2, noise='gaussian',
                         normalize_y=True, random_state=494155588), GaussianProcessRegressor(kernel=1**2 * Matern(length_scale=[1, 1], nu=2.5) + WhiteKernel(noise_level=1),
                         n_restarts_optimizer=2, noise='gaussian',
                         normalize_y=True, random_state=494155588), GaussianProcessRegressor(kernel=1**2 * Matern(length_scale=[1, 1], nu=2.5) + WhiteKernel(noise_level=1),
                         n_restarts_optimizer=2, noise='gaussian',
                         normalize_y=True, random_state=494155588), GaussianProcessRegressor(kernel=1**2 * Matern(length_scale=[1, 1], nu=2.5) + WhiteKernel(noise_level=1),
                         n_restarts_optimizer=2, noise='gaussian',
                         normalize_y=True, random_state=494155588), GaussianProcessRegressor(kernel=1**2 * Matern(length_scale=[1, 1], nu=2.5) + WhiteKernel(noise_level=1),
                         n_restarts_optimizer=2, noise='gaussian',
                         normalize_y=True, random_state=494155588), GaussianProcessRegressor(kernel=1**2 * Matern(length_scale=[1, 1], nu=2.5) + WhiteKernel(noise_level=1),
                         n_restarts_optimizer=2, noise='gaussian',
                         normalize_y=True, random_state=494155588), GaussianProcessRegressor(kernel=1**2 * Matern(length_scale=[1, 1], nu=2.5) + WhiteKernel(noise_level=1),
                         n_restarts_optimizer=2, noise='gaussian',
                         normalize_y=True, random_state=494155588), GaussianProcessRegressor(kernel=1**2 * Matern(length_scale=[1, 1], nu=2.5) + WhiteKernel(noise_level=1),
                         n_restarts_optimizer=2, noise='gaussian',
                         normalize_y=True, random_state=494155588), GaussianProcessRegressor(kernel=1**2 * Matern(length_scale=[1, 1], nu=2.5) + WhiteKernel(noise_level=1),
                         n_restarts_optimizer=2, noise='gaussian',
                         normalize_y=True, random_state=494155588), GaussianProcessRegressor(kernel=1**2 * Matern(length_scale=[1, 1], nu=2.5) + WhiteKernel(noise_level=1),
                         n_restarts_optimizer=2, noise='gaussian',
                         normalize_y=True, random_state=494155588), GaussianProcessRegressor(kernel=1**2 * Matern(length_scale=[1, 1], nu=2.5) + WhiteKernel(noise_level=1),
                         n_restarts_optimizer=2, noise='gaussian',
                         normalize_y=True, random_state=494155588), GaussianProcessRegressor(kernel=1**2 * Matern(length_scale=[1, 1], nu=2.5) + WhiteKernel(noise_level=1),
                         n_restarts_optimizer=2, noise='gaussian',
                         normalize_y=True, random_state=494155588), GaussianProcessRegressor(kernel=1**2 * Matern(length_scale=[1, 1], nu=2.5) + WhiteKernel(noise_level=1),
                         n_restarts_optimizer=2, noise='gaussian',
                         normalize_y=True, random_state=494155588), GaussianProcessRegressor(kernel=1**2 * Matern(length_scale=[1, 1], nu=2.5) + WhiteKernel(noise_level=1),
                         n_restarts_optimizer=2, noise='gaussian',
                         normalize_y=True, random_state=494155588), GaussianProcessRegressor(kernel=1**2 * Matern(length_scale=[1, 1], nu=2.5) + WhiteKernel(noise_level=1),
                         n_restarts_optimizer=2, noise='gaussian',
                         normalize_y=True, random_state=494155588), GaussianProcessRegressor(kernel=1**2 * Matern(length_scale=[1, 1], nu=2.5) + WhiteKernel(noise_level=1),
                         n_restarts_optimizer=2, noise='gaussian',
                         normalize_y=True, random_state=494155588), GaussianProcessRegressor(kernel=1**2 * Matern(length_scale=[1, 1], nu=2.5) + WhiteKernel(noise_level=1),
                         n_restarts_optimizer=2, noise='gaussian',
                         normalize_y=True, random_state=494155588), GaussianProcessRegressor(kernel=1**2 * Matern(length_scale=[1, 1], nu=2.5) + WhiteKernel(noise_level=1),
                         n_restarts_optimizer=2, noise='gaussian',
                         normalize_y=True, random_state=494155588), GaussianProcessRegressor(kernel=1**2 * Matern(length_scale=[1, 1], nu=2.5) + WhiteKernel(noise_level=1),
                         n_restarts_optimizer=2, noise='gaussian',
                         normalize_y=True, random_state=494155588), GaussianProcessRegressor(kernel=1**2 * Matern(length_scale=[1, 1], nu=2.5) + WhiteKernel(noise_level=1),
                         n_restarts_optimizer=2, noise='gaussian',
                         normalize_y=True, random_state=494155588), GaussianProcessRegressor(kernel=1**2 * Matern(length_scale=[1, 1], nu=2.5) + WhiteKernel(noise_level=1),
                         n_restarts_optimizer=2, noise='gaussian',
                         normalize_y=True, random_state=494155588), GaussianProcessRegressor(kernel=1**2 * Matern(length_scale=[1, 1], nu=2.5) + WhiteKernel(noise_level=1),
                         n_restarts_optimizer=2, noise='gaussian',
                         normalize_y=True, random_state=494155588), GaussianProcessRegressor(kernel=1**2 * Matern(length_scale=[1, 1], nu=2.5) + WhiteKernel(noise_level=1),
                         n_restarts_optimizer=2, noise='gaussian',
                         normalize_y=True, random_state=494155588), GaussianProcessRegressor(kernel=1**2 * Matern(length_scale=[1, 1], nu=2.5) + WhiteKernel(noise_level=1),
                         n_restarts_optimizer=2, noise='gaussian',
                         normalize_y=True, random_state=494155588), GaussianProcessRegressor(kernel=1**2 * Matern(length_scale=[1, 1], nu=2.5) + WhiteKernel(noise_level=1),
                         n_restarts_optimizer=2, noise='gaussian',
                         normalize_y=True, random_state=494155588)], Space([Integer(low=1, high=20, prior='uniform', transform='normalize'),
       Integer(low=1, high=1000, prior='uniform', transform='normalize')]), RandomState(MT19937) at 0x7F4B8008F440, {'args': {'func': <function optimize_model.<locals>.objective at 0x7f4b7fd98430>, 'dimensions': Space([Integer(low=1, high=20, prior='uniform', transform='normalize'),
       Integer(low=1, high=1000, prior='uniform', transform='normalize')]), 'base_estimator': GaussianProcessRegressor(kernel=1**2 * Matern(length_scale=[1, 1], nu=2.5),
                         n_restarts_optimizer=2, noise='gaussian',
                         normalize_y=True, random_state=494155588), 'n_calls': 100, 'n_random_starts': None, 'n_initial_points': 10, 'initial_point_generator': 'random', 'acq_func': 'gp_hedge', 'acq_optimizer': 'auto', 'x0': None, 'y0': None, 'random_state': RandomState(MT19937) at 0x7F4B8008F440, 'verbose': 1, 'callback': None, 'n_points': 10000, 'n_restarts_optimizer': 5, 'xi': 0.01, 'kappa': 1.96, 'n_jobs': -1, 'model_queue_size': None}, 'function': 'base_minimize'}])",Time Elapsed: 462.08516550064087
KNeighbors Regression,"dict_values([[1, 'kd_tree'], 11.424955047636498, array([17.95623143, 16.24979382, 18.23077   , 14.27366443, 18.11698023,
       16.21706442, 17.84765217, 18.07163613, 18.10844366, 17.62669531,
       13.93201507, 11.42495505, 18.67633809, 11.42495505, 11.42495505,
       11.42495505, 11.42495505, 11.42495505, 11.42495505, 11.42495505,
       11.42495505, 11.42495505, 11.42495505, 11.42495505, 11.42495505,
       11.42495505, 11.42495505, 11.42495505, 11.42495505, 11.42495505,
       11.42495505, 11.42495505, 11.42495505, 17.06452943, 11.42495505,
       11.42495505, 11.42495505, 11.42495505, 11.42495505, 11.42495505,
       11.42495505, 11.42495505, 18.3762505 , 11.42495505, 11.42495505,
       11.42495505, 11.42495505, 11.42495505, 11.42495505, 11.42495505,
       11.42495505, 11.42495505, 11.42495505, 11.42495505, 11.42495505,
       11.42495505, 11.42495505, 11.42495505, 11.42495505, 11.42495505,
       11.42495505, 11.42495505, 11.42495505, 11.42495505, 11.42495505,
       11.42495505, 11.42495505, 11.42495505, 11.42495505, 11.42495505,
       11.42495505, 11.42495505, 11.42495505, 11.42495505, 11.42495505,
       11.42495505, 11.42495505, 11.42495505, 11.42495505, 11.42495505,
       11.42495505, 11.42495505, 11.42495505, 11.42495505, 11.42495505,
       11.42495505, 11.42495505, 11.42495505, 11.42495505, 11.42495505,
       11.42495505, 11.42495505, 11.42495505, 11.42495505, 11.42495505,
       11.42495505, 11.42495505, 11.42495505, 11.42495505, 11.42495505]), [[497, 'auto'], [150, 'ball_tree'], [811, 'auto'], [46, 'brute'], [595, 'ball_tree'], [148, 'auto'], [469, 'kd_tree'], [556, 'brute'], [581, 'ball_tree'], [416, 'brute'], [37, 'kd_tree'], [1, 'kd_tree'], [1000, 'kd_tree'], [1, 'auto'], [1, 'kd_tree'], [1, 'auto'], [1, 'auto'], [1, 'kd_tree'], [1, 'auto'], [1, 'kd_tree'], [1, 'auto'], [1, 'kd_tree'], [1, 'auto'], [1, 'kd_tree'], [1, 'auto'], [1, 'kd_tree'], [1, 'kd_tree'], [1, 'auto'], [1, 'auto'], [1, 'kd_tree'], [1, 'kd_tree'], [1, 'auto'], [1, 'auto'], [284, 'auto'], [1, 'kd_tree'], [1, 'kd_tree'], [1, 'kd_tree'], [1, 'kd_tree'], [1, 'auto'], [1, 'kd_tree'], [1, 'auto'], [1, 'auto'], [906, 'auto'], [1, 'auto'], [1, 'auto'], [1, 'auto'], [1, 'kd_tree'], [1, 'kd_tree'], [1, 'auto'], [1, 'auto'], [1, 'kd_tree'], [1, 'auto'], [1, 'kd_tree'], [1, 'kd_tree'], [1, 'kd_tree'], [1, 'auto'], [1, 'kd_tree'], [1, 'auto'], [1, 'auto'], [1, 'auto'], [1, 'kd_tree'], [1, 'auto'], [1, 'auto'], [1, 'auto'], [1, 'kd_tree'], [1, 'kd_tree'], [1, 'kd_tree'], [1, 'kd_tree'], [1, 'kd_tree'], [1, 'auto'], [1, 'kd_tree'], [1, 'auto'], [1, 'auto'], [1, 'auto'], [1, 'kd_tree'], [1, 'auto'], [1, 'kd_tree'], [1, 'auto'], [1, 'kd_tree'], [1, 'kd_tree'], [1, 'auto'], [1, 'auto'], [1, 'auto'], [1, 'kd_tree'], [1, 'kd_tree'], [1, 'kd_tree'], [1, 'kd_tree'], [1, 'auto'], [1, 'auto'], [1, 'kd_tree'], [1, 'auto'], [1, 'auto'], [1, 'kd_tree'], [1, 'auto'], [1, 'kd_tree'], [1, 'kd_tree'], [1, 'auto'], [1, 'auto'], [1, 'auto'], [1, 'kd_tree']], [GaussianProcessRegressor(kernel=1**2 * Matern(length_scale=[1, 1], nu=2.5) + WhiteKernel(noise_level=1),
                         n_restarts_optimizer=2, noise='gaussian',
                         normalize_y=True, random_state=494155588), GaussianProcessRegressor(kernel=1**2 * Matern(length_scale=[1, 1], nu=2.5) + WhiteKernel(noise_level=1),
                         n_restarts_optimizer=2, noise='gaussian',
                         normalize_y=True, random_state=494155588), GaussianProcessRegressor(kernel=1**2 * Matern(length_scale=[1, 1], nu=2.5) + WhiteKernel(noise_level=1),
                         n_restarts_optimizer=2, noise='gaussian',
                         normalize_y=True, random_state=494155588), GaussianProcessRegressor(kernel=1**2 * Matern(length_scale=[1, 1], nu=2.5) + WhiteKernel(noise_level=1),
                         n_restarts_optimizer=2, noise='gaussian',
                         normalize_y=True, random_state=494155588), GaussianProcessRegressor(kernel=1**2 * Matern(length_scale=[1, 1], nu=2.5) + WhiteKernel(noise_level=1),
                         n_restarts_optimizer=2, noise='gaussian',
                         normalize_y=True, random_state=494155588), GaussianProcessRegressor(kernel=1**2 * Matern(length_scale=[1, 1], nu=2.5) + WhiteKernel(noise_level=1),
                         n_restarts_optimizer=2, noise='gaussian',
                         normalize_y=True, random_state=494155588), GaussianProcessRegressor(kernel=1**2 * Matern(length_scale=[1, 1], nu=2.5) + WhiteKernel(noise_level=1),
                         n_restarts_optimizer=2, noise='gaussian',
                         normalize_y=True, random_state=494155588), GaussianProcessRegressor(kernel=1**2 * Matern(length_scale=[1, 1], nu=2.5) + WhiteKernel(noise_level=1),
                         n_restarts_optimizer=2, noise='gaussian',
                         normalize_y=True, random_state=494155588), GaussianProcessRegressor(kernel=1**2 * Matern(length_scale=[1, 1], nu=2.5) + WhiteKernel(noise_level=1),
                         n_restarts_optimizer=2, noise='gaussian',
                         normalize_y=True, random_state=494155588), GaussianProcessRegressor(kernel=1**2 * Matern(length_scale=[1, 1], nu=2.5) + WhiteKernel(noise_level=1),
                         n_restarts_optimizer=2, noise='gaussian',
                         normalize_y=True, random_state=494155588), GaussianProcessRegressor(kernel=1**2 * Matern(length_scale=[1, 1], nu=2.5) + WhiteKernel(noise_level=1),
                         n_restarts_optimizer=2, noise='gaussian',
                         normalize_y=True, random_state=494155588), GaussianProcessRegressor(kernel=1**2 * Matern(length_scale=[1, 1], nu=2.5) + WhiteKernel(noise_level=1),
                         n_restarts_optimizer=2, noise='gaussian',
                         normalize_y=True, random_state=494155588), GaussianProcessRegressor(kernel=1**2 * Matern(length_scale=[1, 1], nu=2.5) + WhiteKernel(noise_level=1),
                         n_restarts_optimizer=2, noise='gaussian',
                         normalize_y=True, random_state=494155588), GaussianProcessRegressor(kernel=1**2 * Matern(length_scale=[1, 1], nu=2.5) + WhiteKernel(noise_level=1),
                         n_restarts_optimizer=2, noise='gaussian',
                         normalize_y=True, random_state=494155588), GaussianProcessRegressor(kernel=1**2 * Matern(length_scale=[1, 1], nu=2.5) + WhiteKernel(noise_level=1),
                         n_restarts_optimizer=2, noise='gaussian',
                         normalize_y=True, random_state=494155588), GaussianProcessRegressor(kernel=1**2 * Matern(length_scale=[1, 1], nu=2.5) + WhiteKernel(noise_level=1),
                         n_restarts_optimizer=2, noise='gaussian',
                         normalize_y=True, random_state=494155588), GaussianProcessRegressor(kernel=1**2 * Matern(length_scale=[1, 1], nu=2.5) + WhiteKernel(noise_level=1),
                         n_restarts_optimizer=2, noise='gaussian',
                         normalize_y=True, random_state=494155588), GaussianProcessRegressor(kernel=1**2 * Matern(length_scale=[1, 1], nu=2.5) + WhiteKernel(noise_level=1),
                         n_restarts_optimizer=2, noise='gaussian',
                         normalize_y=True, random_state=494155588), GaussianProcessRegressor(kernel=1**2 * Matern(length_scale=[1, 1], nu=2.5) + WhiteKernel(noise_level=1),
                         n_restarts_optimizer=2, noise='gaussian',
                         normalize_y=True, random_state=494155588), GaussianProcessRegressor(kernel=1**2 * Matern(length_scale=[1, 1], nu=2.5) + WhiteKernel(noise_level=1),
                         n_restarts_optimizer=2, noise='gaussian',
                         normalize_y=True, random_state=494155588), GaussianProcessRegressor(kernel=1**2 * Matern(length_scale=[1, 1], nu=2.5) + WhiteKernel(noise_level=1),
                         n_restarts_optimizer=2, noise='gaussian',
                         normalize_y=True, random_state=494155588), GaussianProcessRegressor(kernel=1**2 * Matern(length_scale=[1, 1], nu=2.5) + WhiteKernel(noise_level=1),
                         n_restarts_optimizer=2, noise='gaussian',
                         normalize_y=True, random_state=494155588), GaussianProcessRegressor(kernel=1**2 * Matern(length_scale=[1, 1], nu=2.5) + WhiteKernel(noise_level=1),
                         n_restarts_optimizer=2, noise='gaussian',
                         normalize_y=True, random_state=494155588), GaussianProcessRegressor(kernel=1**2 * Matern(length_scale=[1, 1], nu=2.5) + WhiteKernel(noise_level=1),
                         n_restarts_optimizer=2, noise='gaussian',
                         normalize_y=True, random_state=494155588), GaussianProcessRegressor(kernel=1**2 * Matern(length_scale=[1, 1], nu=2.5) + WhiteKernel(noise_level=1),
                         n_restarts_optimizer=2, noise='gaussian',
                         normalize_y=True, random_state=494155588), GaussianProcessRegressor(kernel=1**2 * Matern(length_scale=[1, 1], nu=2.5) + WhiteKernel(noise_level=1),
                         n_restarts_optimizer=2, noise='gaussian',
                         normalize_y=True, random_state=494155588), GaussianProcessRegressor(kernel=1**2 * Matern(length_scale=[1, 1], nu=2.5) + WhiteKernel(noise_level=1),
                         n_restarts_optimizer=2, noise='gaussian',
                         normalize_y=True, random_state=494155588), GaussianProcessRegressor(kernel=1**2 * Matern(length_scale=[1, 1], nu=2.5) + WhiteKernel(noise_level=1),
                         n_restarts_optimizer=2, noise='gaussian',
                         normalize_y=True, random_state=494155588), GaussianProcessRegressor(kernel=1**2 * Matern(length_scale=[1, 1], nu=2.5) + WhiteKernel(noise_level=1),
                         n_restarts_optimizer=2, noise='gaussian',
                         normalize_y=True, random_state=494155588), GaussianProcessRegressor(kernel=1**2 * Matern(length_scale=[1, 1], nu=2.5) + WhiteKernel(noise_level=1),
                         n_restarts_optimizer=2, noise='gaussian',
                         normalize_y=True, random_state=494155588), GaussianProcessRegressor(kernel=1**2 * Matern(length_scale=[1, 1], nu=2.5) + WhiteKernel(noise_level=1),
                         n_restarts_optimizer=2, noise='gaussian',
                         normalize_y=True, random_state=494155588), GaussianProcessRegressor(kernel=1**2 * Matern(length_scale=[1, 1], nu=2.5) + WhiteKernel(noise_level=1),
                         n_restarts_optimizer=2, noise='gaussian',
                         normalize_y=True, random_state=494155588), GaussianProcessRegressor(kernel=1**2 * Matern(length_scale=[1, 1], nu=2.5) + WhiteKernel(noise_level=1),
                         n_restarts_optimizer=2, noise='gaussian',
                         normalize_y=True, random_state=494155588), GaussianProcessRegressor(kernel=1**2 * Matern(length_scale=[1, 1], nu=2.5) + WhiteKernel(noise_level=1),
                         n_restarts_optimizer=2, noise='gaussian',
                         normalize_y=True, random_state=494155588), GaussianProcessRegressor(kernel=1**2 * Matern(length_scale=[1, 1], nu=2.5) + WhiteKernel(noise_level=1),
                         n_restarts_optimizer=2, noise='gaussian',
                         normalize_y=True, random_state=494155588), GaussianProcessRegressor(kernel=1**2 * Matern(length_scale=[1, 1], nu=2.5) + WhiteKernel(noise_level=1),
                         n_restarts_optimizer=2, noise='gaussian',
                         normalize_y=True, random_state=494155588), GaussianProcessRegressor(kernel=1**2 * Matern(length_scale=[1, 1], nu=2.5) + WhiteKernel(noise_level=1),
                         n_restarts_optimizer=2, noise='gaussian',
                         normalize_y=True, random_state=494155588), GaussianProcessRegressor(kernel=1**2 * Matern(length_scale=[1, 1], nu=2.5) + WhiteKernel(noise_level=1),
                         n_restarts_optimizer=2, noise='gaussian',
                         normalize_y=True, random_state=494155588), GaussianProcessRegressor(kernel=1**2 * Matern(length_scale=[1, 1], nu=2.5) + WhiteKernel(noise_level=1),
                         n_restarts_optimizer=2, noise='gaussian',
                         normalize_y=True, random_state=494155588), GaussianProcessRegressor(kernel=1**2 * Matern(length_scale=[1, 1], nu=2.5) + WhiteKernel(noise_level=1),
                         n_restarts_optimizer=2, noise='gaussian',
                         normalize_y=True, random_state=494155588), GaussianProcessRegressor(kernel=1**2 * Matern(length_scale=[1, 1], nu=2.5) + WhiteKernel(noise_level=1),
                         n_restarts_optimizer=2, noise='gaussian',
                         normalize_y=True, random_state=494155588), GaussianProcessRegressor(kernel=1**2 * Matern(length_scale=[1, 1], nu=2.5) + WhiteKernel(noise_level=1),
                         n_restarts_optimizer=2, noise='gaussian',
                         normalize_y=True, random_state=494155588), GaussianProcessRegressor(kernel=1**2 * Matern(length_scale=[1, 1], nu=2.5) + WhiteKernel(noise_level=1),
                         n_restarts_optimizer=2, noise='gaussian',
                         normalize_y=True, random_state=494155588), GaussianProcessRegressor(kernel=1**2 * Matern(length_scale=[1, 1], nu=2.5) + WhiteKernel(noise_level=1),
                         n_restarts_optimizer=2, noise='gaussian',
                         normalize_y=True, random_state=494155588), GaussianProcessRegressor(kernel=1**2 * Matern(length_scale=[1, 1], nu=2.5) + WhiteKernel(noise_level=1),
                         n_restarts_optimizer=2, noise='gaussian',
                         normalize_y=True, random_state=494155588), GaussianProcessRegressor(kernel=1**2 * Matern(length_scale=[1, 1], nu=2.5) + WhiteKernel(noise_level=1),
                         n_restarts_optimizer=2, noise='gaussian',
                         normalize_y=True, random_state=494155588), GaussianProcessRegressor(kernel=1**2 * Matern(length_scale=[1, 1], nu=2.5) + WhiteKernel(noise_level=1),
                         n_restarts_optimizer=2, noise='gaussian',
                         normalize_y=True, random_state=494155588), GaussianProcessRegressor(kernel=1**2 * Matern(length_scale=[1, 1], nu=2.5) + WhiteKernel(noise_level=1),
                         n_restarts_optimizer=2, noise='gaussian',
                         normalize_y=True, random_state=494155588), GaussianProcessRegressor(kernel=1**2 * Matern(length_scale=[1, 1], nu=2.5) + WhiteKernel(noise_level=1),
                         n_restarts_optimizer=2, noise='gaussian',
                         normalize_y=True, random_state=494155588), GaussianProcessRegressor(kernel=1**2 * Matern(length_scale=[1, 1], nu=2.5) + WhiteKernel(noise_level=1),
                         n_restarts_optimizer=2, noise='gaussian',
                         normalize_y=True, random_state=494155588), GaussianProcessRegressor(kernel=1**2 * Matern(length_scale=[1, 1], nu=2.5) + WhiteKernel(noise_level=1),
                         n_restarts_optimizer=2, noise='gaussian',
                         normalize_y=True, random_state=494155588), GaussianProcessRegressor(kernel=1**2 * Matern(length_scale=[1, 1], nu=2.5) + WhiteKernel(noise_level=1),
                         n_restarts_optimizer=2, noise='gaussian',
                         normalize_y=True, random_state=494155588), GaussianProcessRegressor(kernel=1**2 * Matern(length_scale=[1, 1], nu=2.5) + WhiteKernel(noise_level=1),
                         n_restarts_optimizer=2, noise='gaussian',
                         normalize_y=True, random_state=494155588), GaussianProcessRegressor(kernel=1**2 * Matern(length_scale=[1, 1], nu=2.5) + WhiteKernel(noise_level=1),
                         n_restarts_optimizer=2, noise='gaussian',
                         normalize_y=True, random_state=494155588), GaussianProcessRegressor(kernel=1**2 * Matern(length_scale=[1, 1], nu=2.5) + WhiteKernel(noise_level=1),
                         n_restarts_optimizer=2, noise='gaussian',
                         normalize_y=True, random_state=494155588), GaussianProcessRegressor(kernel=1**2 * Matern(length_scale=[1, 1], nu=2.5) + WhiteKernel(noise_level=1),
                         n_restarts_optimizer=2, noise='gaussian',
                         normalize_y=True, random_state=494155588), GaussianProcessRegressor(kernel=1**2 * Matern(length_scale=[1, 1], nu=2.5) + WhiteKernel(noise_level=1),
                         n_restarts_optimizer=2, noise='gaussian',
                         normalize_y=True, random_state=494155588), GaussianProcessRegressor(kernel=1**2 * Matern(length_scale=[1, 1], nu=2.5) + WhiteKernel(noise_level=1),
                         n_restarts_optimizer=2, noise='gaussian',
                         normalize_y=True, random_state=494155588), GaussianProcessRegressor(kernel=1**2 * Matern(length_scale=[1, 1], nu=2.5) + WhiteKernel(noise_level=1),
                         n_restarts_optimizer=2, noise='gaussian',
                         normalize_y=True, random_state=494155588), GaussianProcessRegressor(kernel=1**2 * Matern(length_scale=[1, 1], nu=2.5) + WhiteKernel(noise_level=1),
                         n_restarts_optimizer=2, noise='gaussian',
                         normalize_y=True, random_state=494155588), GaussianProcessRegressor(kernel=1**2 * Matern(length_scale=[1, 1], nu=2.5) + WhiteKernel(noise_level=1),
                         n_restarts_optimizer=2, noise='gaussian',
                         normalize_y=True, random_state=494155588), GaussianProcessRegressor(kernel=1**2 * Matern(length_scale=[1, 1], nu=2.5) + WhiteKernel(noise_level=1),
                         n_restarts_optimizer=2, noise='gaussian',
                         normalize_y=True, random_state=494155588), GaussianProcessRegressor(kernel=1**2 * Matern(length_scale=[1, 1], nu=2.5) + WhiteKernel(noise_level=1),
                         n_restarts_optimizer=2, noise='gaussian',
                         normalize_y=True, random_state=494155588), GaussianProcessRegressor(kernel=1**2 * Matern(length_scale=[1, 1], nu=2.5) + WhiteKernel(noise_level=1),
                         n_restarts_optimizer=2, noise='gaussian',
                         normalize_y=True, random_state=494155588), GaussianProcessRegressor(kernel=1**2 * Matern(length_scale=[1, 1], nu=2.5) + WhiteKernel(noise_level=1),
                         n_restarts_optimizer=2, noise='gaussian',
                         normalize_y=True, random_state=494155588), GaussianProcessRegressor(kernel=1**2 * Matern(length_scale=[1, 1], nu=2.5) + WhiteKernel(noise_level=1),
                         n_restarts_optimizer=2, noise='gaussian',
                         normalize_y=True, random_state=494155588), GaussianProcessRegressor(kernel=1**2 * Matern(length_scale=[1, 1], nu=2.5) + WhiteKernel(noise_level=1),
                         n_restarts_optimizer=2, noise='gaussian',
                         normalize_y=True, random_state=494155588), GaussianProcessRegressor(kernel=1**2 * Matern(length_scale=[1, 1], nu=2.5) + WhiteKernel(noise_level=1),
                         n_restarts_optimizer=2, noise='gaussian',
                         normalize_y=True, random_state=494155588), GaussianProcessRegressor(kernel=1**2 * Matern(length_scale=[1, 1], nu=2.5) + WhiteKernel(noise_level=1),
                         n_restarts_optimizer=2, noise='gaussian',
                         normalize_y=True, random_state=494155588), GaussianProcessRegressor(kernel=1**2 * Matern(length_scale=[1, 1], nu=2.5) + WhiteKernel(noise_level=1),
                         n_restarts_optimizer=2, noise='gaussian',
                         normalize_y=True, random_state=494155588), GaussianProcessRegressor(kernel=1**2 * Matern(length_scale=[1, 1], nu=2.5) + WhiteKernel(noise_level=1),
                         n_restarts_optimizer=2, noise='gaussian',
                         normalize_y=True, random_state=494155588), GaussianProcessRegressor(kernel=1**2 * Matern(length_scale=[1, 1], nu=2.5) + WhiteKernel(noise_level=1),
                         n_restarts_optimizer=2, noise='gaussian',
                         normalize_y=True, random_state=494155588), GaussianProcessRegressor(kernel=1**2 * Matern(length_scale=[1, 1], nu=2.5) + WhiteKernel(noise_level=1),
                         n_restarts_optimizer=2, noise='gaussian',
                         normalize_y=True, random_state=494155588), GaussianProcessRegressor(kernel=1**2 * Matern(length_scale=[1, 1], nu=2.5) + WhiteKernel(noise_level=1),
                         n_restarts_optimizer=2, noise='gaussian',
                         normalize_y=True, random_state=494155588), GaussianProcessRegressor(kernel=1**2 * Matern(length_scale=[1, 1], nu=2.5) + WhiteKernel(noise_level=1),
                         n_restarts_optimizer=2, noise='gaussian',
                         normalize_y=True, random_state=494155588), GaussianProcessRegressor(kernel=1**2 * Matern(length_scale=[1, 1], nu=2.5) + WhiteKernel(noise_level=1),
                         n_restarts_optimizer=2, noise='gaussian',
                         normalize_y=True, random_state=494155588), GaussianProcessRegressor(kernel=1**2 * Matern(length_scale=[1, 1], nu=2.5) + WhiteKernel(noise_level=1),
                         n_restarts_optimizer=2, noise='gaussian',
                         normalize_y=True, random_state=494155588), GaussianProcessRegressor(kernel=1**2 * Matern(length_scale=[1, 1], nu=2.5) + WhiteKernel(noise_level=1),
                         n_restarts_optimizer=2, noise='gaussian',
                         normalize_y=True, random_state=494155588), GaussianProcessRegressor(kernel=1**2 * Matern(length_scale=[1, 1], nu=2.5) + WhiteKernel(noise_level=1),
                         n_restarts_optimizer=2, noise='gaussian',
                         normalize_y=True, random_state=494155588), GaussianProcessRegressor(kernel=1**2 * Matern(length_scale=[1, 1], nu=2.5) + WhiteKernel(noise_level=1),
                         n_restarts_optimizer=2, noise='gaussian',
                         normalize_y=True, random_state=494155588), GaussianProcessRegressor(kernel=1**2 * Matern(length_scale=[1, 1], nu=2.5) + WhiteKernel(noise_level=1),
                         n_restarts_optimizer=2, noise='gaussian',
                         normalize_y=True, random_state=494155588), GaussianProcessRegressor(kernel=1**2 * Matern(length_scale=[1, 1], nu=2.5) + WhiteKernel(noise_level=1),
                         n_restarts_optimizer=2, noise='gaussian',
                         normalize_y=True, random_state=494155588), GaussianProcessRegressor(kernel=1**2 * Matern(length_scale=[1, 1], nu=2.5) + WhiteKernel(noise_level=1),
                         n_restarts_optimizer=2, noise='gaussian',
                         normalize_y=True, random_state=494155588), GaussianProcessRegressor(kernel=1**2 * Matern(length_scale=[1, 1], nu=2.5) + WhiteKernel(noise_level=1),
                         n_restarts_optimizer=2, noise='gaussian',
                         normalize_y=True, random_state=494155588), GaussianProcessRegressor(kernel=1**2 * Matern(length_scale=[1, 1], nu=2.5) + WhiteKernel(noise_level=1),
                         n_restarts_optimizer=2, noise='gaussian',
                         normalize_y=True, random_state=494155588), GaussianProcessRegressor(kernel=1**2 * Matern(length_scale=[1, 1], nu=2.5) + WhiteKernel(noise_level=1),
                         n_restarts_optimizer=2, noise='gaussian',
                         normalize_y=True, random_state=494155588), GaussianProcessRegressor(kernel=1**2 * Matern(length_scale=[1, 1], nu=2.5) + WhiteKernel(noise_level=1),
                         n_restarts_optimizer=2, noise='gaussian',
                         normalize_y=True, random_state=494155588), GaussianProcessRegressor(kernel=1**2 * Matern(length_scale=[1, 1], nu=2.5) + WhiteKernel(noise_level=1),
                         n_restarts_optimizer=2, noise='gaussian',
                         normalize_y=True, random_state=494155588), GaussianProcessRegressor(kernel=1**2 * Matern(length_scale=[1, 1], nu=2.5) + WhiteKernel(noise_level=1),
                         n_restarts_optimizer=2, noise='gaussian',
                         normalize_y=True, random_state=494155588), GaussianProcessRegressor(kernel=1**2 * Matern(length_scale=[1, 1], nu=2.5) + WhiteKernel(noise_level=1),
                         n_restarts_optimizer=2, noise='gaussian',
                         normalize_y=True, random_state=494155588), GaussianProcessRegressor(kernel=1**2 * Matern(length_scale=[1, 1], nu=2.5) + WhiteKernel(noise_level=1),
                         n_restarts_optimizer=2, noise='gaussian',
                         normalize_y=True, random_state=494155588)], Space([Integer(low=1, high=1000, prior='uniform', transform='normalize'),
       Categorical(categories=('auto', 'ball_tree', 'kd_tree', 'brute'), prior=None)]), RandomState(MT19937) at 0x7F4BC1D95240, {'args': {'func': <function optimize_model.<locals>.objective at 0x7f4bc1d87b80>, 'dimensions': Space([Integer(low=1, high=1000, prior='uniform', transform='normalize'),
       Categorical(categories=('auto', 'ball_tree', 'kd_tree', 'brute'), prior=None)]), 'base_estimator': GaussianProcessRegressor(kernel=1**2 * Matern(length_scale=[1, 1], nu=2.5),
                         n_restarts_optimizer=2, noise='gaussian',
                         normalize_y=True, random_state=494155588), 'n_calls': 100, 'n_random_starts': None, 'n_initial_points': 10, 'initial_point_generator': 'random', 'acq_func': 'gp_hedge', 'acq_optimizer': 'auto', 'x0': None, 'y0': None, 'random_state': RandomState(MT19937) at 0x7F4BC1D95240, 'verbose': 1, 'callback': None, 'n_points': 10000, 'n_restarts_optimizer': 5, 'xi': 0.01, 'kappa': 1.96, 'n_jobs': -1, 'model_queue_size': None}, 'function': 'base_minimize'}])",Time Elapsed: 71.97832012176514
Extra Trees Regression,"dict_values([[1000], 8.60901855288549, array([ 8.65113524,  8.66546428,  8.69419052,  8.62410641,  8.62761879,
        8.74174873,  8.6307095 ,  8.62585988,  8.63181856,  8.6549898 ,
        8.64990021,  8.64379537,  8.62601329,  8.61994911,  8.63466128,
        8.75954371,  8.62885414,  8.65020808,  8.6331272 ,  8.62191551,
        8.66625618,  8.62606694,  8.6518186 ,  8.62339943,  8.64099497,
        8.62713781,  8.6368367 ,  8.66569161,  8.62576134,  8.6341276 ,
        8.61870907,  8.64669947,  8.63690612,  8.63613309,  8.62529973,
        8.62288407,  8.62147107,  8.63373865,  8.64290631,  8.62333681,
        8.64843936,  8.64134932,  8.63125214,  8.62655752,  8.62893297,
        8.60901855,  8.62258288,  8.63154223,  8.63506065,  8.64225625,
        8.64473581,  8.62280984,  8.62507277,  8.64791061,  8.63018218,
        8.62073711,  8.62133325,  8.62094832,  8.63633097,  8.6343491 ,
        8.64809269,  8.62178237,  8.62961215,  8.62931313,  8.63639671,
        8.65068577,  8.65442874,  8.64861062,  8.62788271,  8.62851063,
        8.62921163,  8.65680143,  8.61828964,  8.63815312,  8.62948211,
        8.62134384,  8.62620417,  8.63630035,  8.64262646,  8.61676576,
        8.61700298,  8.64379938,  8.6403535 ,  8.63412392,  8.62473638,
        8.62598385,  8.6189441 ,  8.61447148,  8.65796095,  8.62865779,
        8.64505929, 11.82963814,  8.64525238,  8.64739652,  8.63857854,
        8.64903609,  8.63844273,  8.6326529 ,  8.63734943,  8.62415883]), [[497], [104], [150], [173], [811], [76], [46], [613], [595], [251], [605], [179], [620], [583], [568], [34], [741], [971], [761], [803], [1000], [714], [715], [407], [434], [758], [698], [411], [868], [1000], [1000], [1000], [777], [1000], [1000], [773], [1000], [790], [1000], [761], [1000], [585], [1000], [763], [793], [1000], [1000], [1000], [1000], [493], [1000], [491], [767], [482], [1000], [780], [781], [1000], [783], [1000], [481], [1000], [1000], [778], [794], [1000], [782], [464], [786], [1000], [568], [440], [1000], [799], [800], [800], [1000], [803], [804], [1000], [1000], [1000], [1000], [810], [449], [803], [583], [407], [368], [607], [605], [1], [303], [918], [660], [277], [219], [893], [334], [842]], [GaussianProcessRegressor(kernel=1**2 * Matern(length_scale=1, nu=2.5) + WhiteKernel(noise_level=1),
                         n_restarts_optimizer=2, noise='gaussian',
                         normalize_y=True, random_state=494155588), GaussianProcessRegressor(kernel=1**2 * Matern(length_scale=1, nu=2.5) + WhiteKernel(noise_level=1),
                         n_restarts_optimizer=2, noise='gaussian',
                         normalize_y=True, random_state=494155588), GaussianProcessRegressor(kernel=1**2 * Matern(length_scale=1, nu=2.5) + WhiteKernel(noise_level=1),
                         n_restarts_optimizer=2, noise='gaussian',
                         normalize_y=True, random_state=494155588), GaussianProcessRegressor(kernel=1**2 * Matern(length_scale=1, nu=2.5) + WhiteKernel(noise_level=1),
                         n_restarts_optimizer=2, noise='gaussian',
                         normalize_y=True, random_state=494155588), GaussianProcessRegressor(kernel=1**2 * Matern(length_scale=1, nu=2.5) + WhiteKernel(noise_level=1),
                         n_restarts_optimizer=2, noise='gaussian',
                         normalize_y=True, random_state=494155588), GaussianProcessRegressor(kernel=1**2 * Matern(length_scale=1, nu=2.5) + WhiteKernel(noise_level=1),
                         n_restarts_optimizer=2, noise='gaussian',
                         normalize_y=True, random_state=494155588), GaussianProcessRegressor(kernel=1**2 * Matern(length_scale=1, nu=2.5) + WhiteKernel(noise_level=1),
                         n_restarts_optimizer=2, noise='gaussian',
                         normalize_y=True, random_state=494155588), GaussianProcessRegressor(kernel=1**2 * Matern(length_scale=1, nu=2.5) + WhiteKernel(noise_level=1),
                         n_restarts_optimizer=2, noise='gaussian',
                         normalize_y=True, random_state=494155588), GaussianProcessRegressor(kernel=1**2 * Matern(length_scale=1, nu=2.5) + WhiteKernel(noise_level=1),
                         n_restarts_optimizer=2, noise='gaussian',
                         normalize_y=True, random_state=494155588), GaussianProcessRegressor(kernel=1**2 * Matern(length_scale=1, nu=2.5) + WhiteKernel(noise_level=1),
                         n_restarts_optimizer=2, noise='gaussian',
                         normalize_y=True, random_state=494155588), GaussianProcessRegressor(kernel=1**2 * Matern(length_scale=1, nu=2.5) + WhiteKernel(noise_level=1),
                         n_restarts_optimizer=2, noise='gaussian',
                         normalize_y=True, random_state=494155588), GaussianProcessRegressor(kernel=1**2 * Matern(length_scale=1, nu=2.5) + WhiteKernel(noise_level=1),
                         n_restarts_optimizer=2, noise='gaussian',
                         normalize_y=True, random_state=494155588), GaussianProcessRegressor(kernel=1**2 * Matern(length_scale=1, nu=2.5) + WhiteKernel(noise_level=1),
                         n_restarts_optimizer=2, noise='gaussian',
                         normalize_y=True, random_state=494155588), GaussianProcessRegressor(kernel=1**2 * Matern(length_scale=1, nu=2.5) + WhiteKernel(noise_level=1),
                         n_restarts_optimizer=2, noise='gaussian',
                         normalize_y=True, random_state=494155588), GaussianProcessRegressor(kernel=1**2 * Matern(length_scale=1, nu=2.5) + WhiteKernel(noise_level=1),
                         n_restarts_optimizer=2, noise='gaussian',
                         normalize_y=True, random_state=494155588), GaussianProcessRegressor(kernel=1**2 * Matern(length_scale=1, nu=2.5) + WhiteKernel(noise_level=1),
                         n_restarts_optimizer=2, noise='gaussian',
                         normalize_y=True, random_state=494155588), GaussianProcessRegressor(kernel=1**2 * Matern(length_scale=1, nu=2.5) + WhiteKernel(noise_level=1),
                         n_restarts_optimizer=2, noise='gaussian',
                         normalize_y=True, random_state=494155588), GaussianProcessRegressor(kernel=1**2 * Matern(length_scale=1, nu=2.5) + WhiteKernel(noise_level=1),
                         n_restarts_optimizer=2, noise='gaussian',
                         normalize_y=True, random_state=494155588), GaussianProcessRegressor(kernel=1**2 * Matern(length_scale=1, nu=2.5) + WhiteKernel(noise_level=1),
                         n_restarts_optimizer=2, noise='gaussian',
                         normalize_y=True, random_state=494155588), GaussianProcessRegressor(kernel=1**2 * Matern(length_scale=1, nu=2.5) + WhiteKernel(noise_level=1),
                         n_restarts_optimizer=2, noise='gaussian',
                         normalize_y=True, random_state=494155588), GaussianProcessRegressor(kernel=1**2 * Matern(length_scale=1, nu=2.5) + WhiteKernel(noise_level=1),
                         n_restarts_optimizer=2, noise='gaussian',
                         normalize_y=True, random_state=494155588), GaussianProcessRegressor(kernel=1**2 * Matern(length_scale=1, nu=2.5) + WhiteKernel(noise_level=1),
                         n_restarts_optimizer=2, noise='gaussian',
                         normalize_y=True, random_state=494155588), GaussianProcessRegressor(kernel=1**2 * Matern(length_scale=1, nu=2.5) + WhiteKernel(noise_level=1),
                         n_restarts_optimizer=2, noise='gaussian',
                         normalize_y=True, random_state=494155588), GaussianProcessRegressor(kernel=1**2 * Matern(length_scale=1, nu=2.5) + WhiteKernel(noise_level=1),
                         n_restarts_optimizer=2, noise='gaussian',
                         normalize_y=True, random_state=494155588), GaussianProcessRegressor(kernel=1**2 * Matern(length_scale=1, nu=2.5) + WhiteKernel(noise_level=1),
                         n_restarts_optimizer=2, noise='gaussian',
                         normalize_y=True, random_state=494155588), GaussianProcessRegressor(kernel=1**2 * Matern(length_scale=1, nu=2.5) + WhiteKernel(noise_level=1),
                         n_restarts_optimizer=2, noise='gaussian',
                         normalize_y=True, random_state=494155588), GaussianProcessRegressor(kernel=1**2 * Matern(length_scale=1, nu=2.5) + WhiteKernel(noise_level=1),
                         n_restarts_optimizer=2, noise='gaussian',
                         normalize_y=True, random_state=494155588), GaussianProcessRegressor(kernel=1**2 * Matern(length_scale=1, nu=2.5) + WhiteKernel(noise_level=1),
                         n_restarts_optimizer=2, noise='gaussian',
                         normalize_y=True, random_state=494155588), GaussianProcessRegressor(kernel=1**2 * Matern(length_scale=1, nu=2.5) + WhiteKernel(noise_level=1),
                         n_restarts_optimizer=2, noise='gaussian',
                         normalize_y=True, random_state=494155588), GaussianProcessRegressor(kernel=1**2 * Matern(length_scale=1, nu=2.5) + WhiteKernel(noise_level=1),
                         n_restarts_optimizer=2, noise='gaussian',
                         normalize_y=True, random_state=494155588), GaussianProcessRegressor(kernel=1**2 * Matern(length_scale=1, nu=2.5) + WhiteKernel(noise_level=1),
                         n_restarts_optimizer=2, noise='gaussian',
                         normalize_y=True, random_state=494155588), GaussianProcessRegressor(kernel=1**2 * Matern(length_scale=1, nu=2.5) + WhiteKernel(noise_level=1),
                         n_restarts_optimizer=2, noise='gaussian',
                         normalize_y=True, random_state=494155588), GaussianProcessRegressor(kernel=1**2 * Matern(length_scale=1, nu=2.5) + WhiteKernel(noise_level=1),
                         n_restarts_optimizer=2, noise='gaussian',
                         normalize_y=True, random_state=494155588), GaussianProcessRegressor(kernel=1**2 * Matern(length_scale=1, nu=2.5) + WhiteKernel(noise_level=1),
                         n_restarts_optimizer=2, noise='gaussian',
                         normalize_y=True, random_state=494155588), GaussianProcessRegressor(kernel=1**2 * Matern(length_scale=1, nu=2.5) + WhiteKernel(noise_level=1),
                         n_restarts_optimizer=2, noise='gaussian',
                         normalize_y=True, random_state=494155588), GaussianProcessRegressor(kernel=1**2 * Matern(length_scale=1, nu=2.5) + WhiteKernel(noise_level=1),
                         n_restarts_optimizer=2, noise='gaussian',
                         normalize_y=True, random_state=494155588), GaussianProcessRegressor(kernel=1**2 * Matern(length_scale=1, nu=2.5) + WhiteKernel(noise_level=1),
                         n_restarts_optimizer=2, noise='gaussian',
                         normalize_y=True, random_state=494155588), GaussianProcessRegressor(kernel=1**2 * Matern(length_scale=1, nu=2.5) + WhiteKernel(noise_level=1),
                         n_restarts_optimizer=2, noise='gaussian',
                         normalize_y=True, random_state=494155588), GaussianProcessRegressor(kernel=1**2 * Matern(length_scale=1, nu=2.5) + WhiteKernel(noise_level=1),
                         n_restarts_optimizer=2, noise='gaussian',
                         normalize_y=True, random_state=494155588), GaussianProcessRegressor(kernel=1**2 * Matern(length_scale=1, nu=2.5) + WhiteKernel(noise_level=1),
                         n_restarts_optimizer=2, noise='gaussian',
                         normalize_y=True, random_state=494155588), GaussianProcessRegressor(kernel=1**2 * Matern(length_scale=1, nu=2.5) + WhiteKernel(noise_level=1),
                         n_restarts_optimizer=2, noise='gaussian',
                         normalize_y=True, random_state=494155588), GaussianProcessRegressor(kernel=1**2 * Matern(length_scale=1, nu=2.5) + WhiteKernel(noise_level=1),
                         n_restarts_optimizer=2, noise='gaussian',
                         normalize_y=True, random_state=494155588), GaussianProcessRegressor(kernel=1**2 * Matern(length_scale=1, nu=2.5) + WhiteKernel(noise_level=1),
                         n_restarts_optimizer=2, noise='gaussian',
                         normalize_y=True, random_state=494155588), GaussianProcessRegressor(kernel=1**2 * Matern(length_scale=1, nu=2.5) + WhiteKernel(noise_level=1),
                         n_restarts_optimizer=2, noise='gaussian',
                         normalize_y=True, random_state=494155588), GaussianProcessRegressor(kernel=1**2 * Matern(length_scale=1, nu=2.5) + WhiteKernel(noise_level=1),
                         n_restarts_optimizer=2, noise='gaussian',
                         normalize_y=True, random_state=494155588), GaussianProcessRegressor(kernel=1**2 * Matern(length_scale=1, nu=2.5) + WhiteKernel(noise_level=1),
                         n_restarts_optimizer=2, noise='gaussian',
                         normalize_y=True, random_state=494155588), GaussianProcessRegressor(kernel=1**2 * Matern(length_scale=1, nu=2.5) + WhiteKernel(noise_level=1),
                         n_restarts_optimizer=2, noise='gaussian',
                         normalize_y=True, random_state=494155588), GaussianProcessRegressor(kernel=1**2 * Matern(length_scale=1, nu=2.5) + WhiteKernel(noise_level=1),
                         n_restarts_optimizer=2, noise='gaussian',
                         normalize_y=True, random_state=494155588), GaussianProcessRegressor(kernel=1**2 * Matern(length_scale=1, nu=2.5) + WhiteKernel(noise_level=1),
                         n_restarts_optimizer=2, noise='gaussian',
                         normalize_y=True, random_state=494155588), GaussianProcessRegressor(kernel=1**2 * Matern(length_scale=1, nu=2.5) + WhiteKernel(noise_level=1),
                         n_restarts_optimizer=2, noise='gaussian',
                         normalize_y=True, random_state=494155588), GaussianProcessRegressor(kernel=1**2 * Matern(length_scale=1, nu=2.5) + WhiteKernel(noise_level=1),
                         n_restarts_optimizer=2, noise='gaussian',
                         normalize_y=True, random_state=494155588), GaussianProcessRegressor(kernel=1**2 * Matern(length_scale=1, nu=2.5) + WhiteKernel(noise_level=1),
                         n_restarts_optimizer=2, noise='gaussian',
                         normalize_y=True, random_state=494155588), GaussianProcessRegressor(kernel=1**2 * Matern(length_scale=1, nu=2.5) + WhiteKernel(noise_level=1),
                         n_restarts_optimizer=2, noise='gaussian',
                         normalize_y=True, random_state=494155588), GaussianProcessRegressor(kernel=1**2 * Matern(length_scale=1, nu=2.5) + WhiteKernel(noise_level=1),
                         n_restarts_optimizer=2, noise='gaussian',
                         normalize_y=True, random_state=494155588), GaussianProcessRegressor(kernel=1**2 * Matern(length_scale=1, nu=2.5) + WhiteKernel(noise_level=1),
                         n_restarts_optimizer=2, noise='gaussian',
                         normalize_y=True, random_state=494155588), GaussianProcessRegressor(kernel=1**2 * Matern(length_scale=1, nu=2.5) + WhiteKernel(noise_level=1),
                         n_restarts_optimizer=2, noise='gaussian',
                         normalize_y=True, random_state=494155588), GaussianProcessRegressor(kernel=1**2 * Matern(length_scale=1, nu=2.5) + WhiteKernel(noise_level=1),
                         n_restarts_optimizer=2, noise='gaussian',
                         normalize_y=True, random_state=494155588), GaussianProcessRegressor(kernel=1**2 * Matern(length_scale=1, nu=2.5) + WhiteKernel(noise_level=1),
                         n_restarts_optimizer=2, noise='gaussian',
                         normalize_y=True, random_state=494155588), GaussianProcessRegressor(kernel=1**2 * Matern(length_scale=1, nu=2.5) + WhiteKernel(noise_level=1),
                         n_restarts_optimizer=2, noise='gaussian',
                         normalize_y=True, random_state=494155588), GaussianProcessRegressor(kernel=1**2 * Matern(length_scale=1, nu=2.5) + WhiteKernel(noise_level=1),
                         n_restarts_optimizer=2, noise='gaussian',
                         normalize_y=True, random_state=494155588), GaussianProcessRegressor(kernel=1**2 * Matern(length_scale=1, nu=2.5) + WhiteKernel(noise_level=1),
                         n_restarts_optimizer=2, noise='gaussian',
                         normalize_y=True, random_state=494155588), GaussianProcessRegressor(kernel=1**2 * Matern(length_scale=1, nu=2.5) + WhiteKernel(noise_level=1),
                         n_restarts_optimizer=2, noise='gaussian',
                         normalize_y=True, random_state=494155588), GaussianProcessRegressor(kernel=1**2 * Matern(length_scale=1, nu=2.5) + WhiteKernel(noise_level=1),
                         n_restarts_optimizer=2, noise='gaussian',
                         normalize_y=True, random_state=494155588), GaussianProcessRegressor(kernel=1**2 * Matern(length_scale=1, nu=2.5) + WhiteKernel(noise_level=1),
                         n_restarts_optimizer=2, noise='gaussian',
                         normalize_y=True, random_state=494155588), GaussianProcessRegressor(kernel=1**2 * Matern(length_scale=1, nu=2.5) + WhiteKernel(noise_level=1),
                         n_restarts_optimizer=2, noise='gaussian',
                         normalize_y=True, random_state=494155588), GaussianProcessRegressor(kernel=1**2 * Matern(length_scale=1, nu=2.5) + WhiteKernel(noise_level=1),
                         n_restarts_optimizer=2, noise='gaussian',
                         normalize_y=True, random_state=494155588), GaussianProcessRegressor(kernel=1**2 * Matern(length_scale=1, nu=2.5) + WhiteKernel(noise_level=1),
                         n_restarts_optimizer=2, noise='gaussian',
                         normalize_y=True, random_state=494155588), GaussianProcessRegressor(kernel=1**2 * Matern(length_scale=1, nu=2.5) + WhiteKernel(noise_level=1),
                         n_restarts_optimizer=2, noise='gaussian',
                         normalize_y=True, random_state=494155588), GaussianProcessRegressor(kernel=1**2 * Matern(length_scale=1, nu=2.5) + WhiteKernel(noise_level=1),
                         n_restarts_optimizer=2, noise='gaussian',
                         normalize_y=True, random_state=494155588), GaussianProcessRegressor(kernel=1**2 * Matern(length_scale=1, nu=2.5) + WhiteKernel(noise_level=1),
                         n_restarts_optimizer=2, noise='gaussian',
                         normalize_y=True, random_state=494155588), GaussianProcessRegressor(kernel=1**2 * Matern(length_scale=1, nu=2.5) + WhiteKernel(noise_level=1),
                         n_restarts_optimizer=2, noise='gaussian',
                         normalize_y=True, random_state=494155588), GaussianProcessRegressor(kernel=1**2 * Matern(length_scale=1, nu=2.5) + WhiteKernel(noise_level=1),
                         n_restarts_optimizer=2, noise='gaussian',
                         normalize_y=True, random_state=494155588), GaussianProcessRegressor(kernel=1**2 * Matern(length_scale=1, nu=2.5) + WhiteKernel(noise_level=1),
                         n_restarts_optimizer=2, noise='gaussian',
                         normalize_y=True, random_state=494155588), GaussianProcessRegressor(kernel=1**2 * Matern(length_scale=1, nu=2.5) + WhiteKernel(noise_level=1),
                         n_restarts_optimizer=2, noise='gaussian',
                         normalize_y=True, random_state=494155588), GaussianProcessRegressor(kernel=1**2 * Matern(length_scale=1, nu=2.5) + WhiteKernel(noise_level=1),
                         n_restarts_optimizer=2, noise='gaussian',
                         normalize_y=True, random_state=494155588), GaussianProcessRegressor(kernel=1**2 * Matern(length_scale=1, nu=2.5) + WhiteKernel(noise_level=1),
                         n_restarts_optimizer=2, noise='gaussian',
                         normalize_y=True, random_state=494155588), GaussianProcessRegressor(kernel=1**2 * Matern(length_scale=1, nu=2.5) + WhiteKernel(noise_level=1),
                         n_restarts_optimizer=2, noise='gaussian',
                         normalize_y=True, random_state=494155588), GaussianProcessRegressor(kernel=1**2 * Matern(length_scale=1, nu=2.5) + WhiteKernel(noise_level=1),
                         n_restarts_optimizer=2, noise='gaussian',
                         normalize_y=True, random_state=494155588), GaussianProcessRegressor(kernel=1**2 * Matern(length_scale=1, nu=2.5) + WhiteKernel(noise_level=1),
                         n_restarts_optimizer=2, noise='gaussian',
                         normalize_y=True, random_state=494155588), GaussianProcessRegressor(kernel=1**2 * Matern(length_scale=1, nu=2.5) + WhiteKernel(noise_level=1),
                         n_restarts_optimizer=2, noise='gaussian',
                         normalize_y=True, random_state=494155588), GaussianProcessRegressor(kernel=1**2 * Matern(length_scale=1, nu=2.5) + WhiteKernel(noise_level=1),
                         n_restarts_optimizer=2, noise='gaussian',
                         normalize_y=True, random_state=494155588), GaussianProcessRegressor(kernel=1**2 * Matern(length_scale=1, nu=2.5) + WhiteKernel(noise_level=1),
                         n_restarts_optimizer=2, noise='gaussian',
                         normalize_y=True, random_state=494155588), GaussianProcessRegressor(kernel=1**2 * Matern(length_scale=1, nu=2.5) + WhiteKernel(noise_level=1),
                         n_restarts_optimizer=2, noise='gaussian',
                         normalize_y=True, random_state=494155588), GaussianProcessRegressor(kernel=1**2 * Matern(length_scale=1, nu=2.5) + WhiteKernel(noise_level=1),
                         n_restarts_optimizer=2, noise='gaussian',
                         normalize_y=True, random_state=494155588), GaussianProcessRegressor(kernel=1**2 * Matern(length_scale=1, nu=2.5) + WhiteKernel(noise_level=1),
                         n_restarts_optimizer=2, noise='gaussian',
                         normalize_y=True, random_state=494155588), GaussianProcessRegressor(kernel=1**2 * Matern(length_scale=1, nu=2.5) + WhiteKernel(noise_level=1),
                         n_restarts_optimizer=2, noise='gaussian',
                         normalize_y=True, random_state=494155588), GaussianProcessRegressor(kernel=1**2 * Matern(length_scale=1, nu=2.5) + WhiteKernel(noise_level=1),
                         n_restarts_optimizer=2, noise='gaussian',
                         normalize_y=True, random_state=494155588), GaussianProcessRegressor(kernel=1**2 * Matern(length_scale=1, nu=2.5) + WhiteKernel(noise_level=1),
                         n_restarts_optimizer=2, noise='gaussian',
                         normalize_y=True, random_state=494155588), GaussianProcessRegressor(kernel=1**2 * Matern(length_scale=1, nu=2.5) + WhiteKernel(noise_level=1),
                         n_restarts_optimizer=2, noise='gaussian',
                         normalize_y=True, random_state=494155588), GaussianProcessRegressor(kernel=1**2 * Matern(length_scale=1, nu=2.5) + WhiteKernel(noise_level=1),
                         n_restarts_optimizer=2, noise='gaussian',
                         normalize_y=True, random_state=494155588), GaussianProcessRegressor(kernel=1**2 * Matern(length_scale=1, nu=2.5) + WhiteKernel(noise_level=1),
                         n_restarts_optimizer=2, noise='gaussian',
                         normalize_y=True, random_state=494155588)], Space([Integer(low=1, high=1000, prior='uniform', transform='normalize')]), RandomState(MT19937) at 0x7F4B7FF33540, {'args': {'func': <function optimize_model.<locals>.objective at 0x7f4bc1dd8700>, 'dimensions': Space([Integer(low=1, high=1000, prior='uniform', transform='normalize')]), 'base_estimator': GaussianProcessRegressor(kernel=1**2 * Matern(length_scale=1, nu=2.5),
                         n_restarts_optimizer=2, noise='gaussian',
                         normalize_y=True, random_state=494155588), 'n_calls': 100, 'n_random_starts': None, 'n_initial_points': 10, 'initial_point_generator': 'random', 'acq_func': 'gp_hedge', 'acq_optimizer': 'auto', 'x0': None, 'y0': None, 'random_state': RandomState(MT19937) at 0x7F4B7FF33540, 'verbose': 1, 'callback': None, 'n_points': 10000, 'n_restarts_optimizer': 5, 'xi': 0.01, 'kappa': 1.96, 'n_jobs': -1, 'model_queue_size': None}, 'function': 'base_minimize'}])",Time Elapsed: 733.5761318206787
